{
  "interactionModel": {
    "dialog": {
      "intents": [
        {
          "slots": [
            {
              "name": "significado",
              "elicitationRequired": true,
              "type": "AMAZON.SearchQuery",
              "confirmationRequired": false,
              "prompts": {
                "elicitation": "Elicit.Slot.1617806982551.42911701244"
              }
            },
            {
              "name": "name",
              "elicitationRequired": false,
              "type": "AMAZON.SearchQuery",
              "confirmationRequired": false,
              "prompts": {}
            }
          ],
          "name": "significadoflorIntent",
          "confirmationRequired": false,
          "prompts": {}
        }
      ],
      "delegationStrategy": "ALWAYS"
    },
    "languageModel": {
      "intents": [
        {
          "name": "AMAZON.CancelIntent",
          "samples": []
        },
        {
          "name": "AMAZON.HelpIntent",
          "samples": [
            "what are you doing",
            "aid"
          ]
        },
        {
          "name": "AMAZON.StopIntent",
          "samples": [
            "go out",
            "bye",
            "for",
            "arrest"
          ]
        },
        {
          "name": "AMAZON.NavigateHomeIntent",
          "samples": []
        },
        {
          "slots": [],
          "name": "MarcoLegalIntent",
          "samples": [
            "can you tell me your legal framework",
            "what is the legal framework",
            "legal framework"
          ]
        },
        {
          "slots": [
            {
              "name": "significado",
              "type": "AMAZON.SearchQuery",
              "samples": [
                "{significado}"
              ]
            },
            {
              "name": "name",
              "type": "AMAZON.SearchQuery"
            }
          ],
          "name": "significadoflorIntent",
          "samples": [
            "is {significado}",
            "am {name}",
            "my name is {name}",
            "my favorite flower is {significado}"
          ]
        },
        {
          "slots": [
            {
              "name": "flor",
              "type": "AMAZON.SearchQuery"
            }
          ],
          "name": "CuriosidadfloresIntent",
          "samples": [
            "information {flor}",
            "Give me information about the {flor}",
            "what do you know about the {flor}",
            "show some of the {flor}"
          ]
        },
        {
          "slots": [
            {
              "name": "flor",
              "type": "AMAZON.SearchQuery"
            }
          ],
          "name": "SignificadofloresIntent",
          "samples": [
            "what meaning of the {flor}",
            "meaning {flor}",
            "what is the meaning of {flor}"
          ]
        }
      ],
      "types": [
        {
          "values": [
            {
              "name": {
                "value": "gerbera"
              }
            },
            {
              "name": {
                "value": "tulipán"
              }
            },
            {
              "name": {
                "value": "girasol"
              }
            },
            {
              "name": {
                "value": "rosa"
              }
            }
          ],
          "name": "AMAZON_Flower"
        }
      ],
      "invocationName": "flower curiosities"
    },
    "prompts": [
      {
        "variations": [
          {
            "type": "PlainText",
            "value": "what is your favorite flower"
          }
        ],
        "id": "Elicit.Slot.1617806982551.42911701244"
      },
      {
        "variations": [
          {
            "type": "PlainText",
            "value": "what is your name?"
          }
        ],
        "id": "Elicit.Slot.1617806982551.275114943904"
      }
    ]
  }
}