{
  "interactionModel": {
    "dialog": {
      "intents": [
        {
          "slots": [
            {
              "name": "significado",
              "elicitationRequired": true,
              "type": "AMAZON.SearchQuery",
              "confirmationRequired": false,
              "prompts": {
                "elicitation": "Elicit.Slot.1617806982551.42911701244"
              }
            },
            {
              "name": "name",
              "elicitationRequired": false,
              "type": "AMAZON.SearchQuery",
              "confirmationRequired": false,
              "prompts": {}
            }
          ],
          "name": "significadoflorIntent",
          "confirmationRequired": false,
          "prompts": {}
        }
      ],
      "delegationStrategy": "ALWAYS"
    },
    "languageModel": {
      "intents": [
        {
          "name": "AMAZON.CancelIntent",
          "samples": []
        },
        {
          "name": "AMAZON.HelpIntent",
          "samples": [
            "que haces",
            "ayuda"
          ]
        },
        {
          "name": "AMAZON.StopIntent",
          "samples": [
            "salir",
            "adios",
            "para",
            "detener"
          ]
        },
        {
          "name": "AMAZON.NavigateHomeIntent",
          "samples": []
        },
        {
          "slots": [],
          "name": "MarcoLegalIntent",
          "samples": [
            "me puedes decir tu marco legal",
            "cual es el marco legal",
            "marco legal"
          ]
        },
        {
          "slots": [
            {
              "name": "significado",
              "type": "AMAZON.SearchQuery",
              "samples": [
                "{significado}"
              ]
            },
            {
              "name": "name",
              "type": "AMAZON.SearchQuery"
            }
          ],
          "name": "significadoflorIntent",
          "samples": [
            "soy {name}",
            "me llamo {name}",
            "es el {significado}",
            "es {significado}",
            "mi nombre es {name}",
            "mi flor favorita es {significado}"
          ]
        },
        {
          "slots": [
            {
              "name": "flor",
              "type": "AMAZON.SearchQuery"
            }
          ],
          "name": "CuriosidadfloresIntent",
          "samples": [
            "informacion {flor}",
            "dame informacion de la {flor}",
            "que sabes de las {flor}",
            "muestre algo de las {flor}"
          ]
        },
        {
          "slots": [
            {
              "name": "flor",
              "type": "AMAZON.SearchQuery"
            }
          ],
          "name": "SignificadofloresIntent",
          "samples": [
            "que significado de la {flor}",
            "significado {flor}",
            "cual es el significado de {flor}"
          ]
        }
      ],
      "types": [
        {
          "values": [
            {
              "name": {
                "value": "gerbera"
              }
            },
            {
              "name": {
                "value": "tulipán"
              }
            },
            {
              "name": {
                "value": "girasol"
              }
            },
            {
              "name": {
                "value": "rosa"
              }
            }
          ],
          "name": "AMAZON_Flower"
        }
      ],
      "invocationName": "curiosidades de flores"
    },
    "prompts": [
      {
        "variations": [
          {
            "type": "PlainText",
            "value": "cual es tu flor favorita"
          }
        ],
        "id": "Elicit.Slot.1617806982551.42911701244"
      },
      {
        "variations": [
          {
            "type": "PlainText",
            "value": "cual es tu nombre?"
          }
        ],
        "id": "Elicit.Slot.1617806982551.275114943904"
      }
    ]
  }
}