{"type":"APL","version":"2023.1","license":"Copyright 2023 Amazon.com, Inc. or its affiliates. All Rights Reserved.\nSPDX-License-Identifier: LicenseRef-.amazon.com.-AmznSL-1.0\nLicensed under the Amazon Software License  http://aws.amazon.com/asl/","settings":{},"theme":"dark","import":[{"name":"alexa-layouts","version":"1.7.0"},{"name":"alexa-viewport-profiles","version":"1.6.0"}],"resources":[],"styles":{},"onMount":[],"graphics":{},"commands":{},"layouts":{},"mainTemplate":{"parameters":["mensaje"],"items":[{"type":"Frame","height":"100%","width":"100%","backgroundColor":"#FFFCF0","items":[{"type":"Container","height":"100%","width":"100%","items":[{"type":"Frame","backgroundColor":"#F08080","width":"100%","when":"${@viewportProfile != @hubRoundSmall}","height":"20vh","item":[{"alignItems":"stretch","wrap":"wrap","type":"Container","width":"100%","item":[{"position":"relative","wrap":"wrap","type":"Container","paddingLeft":"30px","width":"85%","items":[{"type":"Text","text":"${mensaje.encabezado}","fontSize":"47px","width":"80%","fontFamily":"montserrat","height":"100%","textAlign":"center","textAlignVertical":"center"}]},{"type":"Container","position":"relative","paddingRight":"40px","wrap":"wrap","width":"50%","item":[{"type":"Image","source":"https://i.pinimg.com/474x/48/ee/2f/48ee2f43dace537184770873f82532f3.jpg","height":"100%","width":"20%"}]}]}]},{"type":"Frame","backgroundColor":"#062504","width":"100%","when":"${@viewportProfile == @hubRoundSmall}","height":"20vh","item":[{"alignItems":"stretch","wrap":"wrap","type":"Container","width":"110%","item":[{"position":"relative","wrap":"wrap","type":"Container","paddingLeft":"150px","width":"65%","items":[{"type":"Text","text":"${mensaje.encabezado}","fontSize":"23px","width":"100%","fontFamily":"montserrat","height":"100%","textAlign":"center","textAlignVertical":"center"}]},{"type":"Container","position":"relative","paddingRight":"40px","wrap":"wrap","width":"40%","item":[{"type":"Image","source":"https://us.123rf.com/450wm/shushanto/shushanto2302/shushanto230202216/198641300-hermoso-campo-de-flores-cosmos-pintura-digital-representaci%C3%B3n-3d.jpg?ver=6https://previews.123rf.com/images/elosa/elosa1701/elosa170100224/70574629-flores-etiqueta-texto-adi%C3%B3s.jpg","height":"40%","width":"20%"}]}]}]},{"type":"Container","direction":"column","height":"60vh","when":"${@viewportProfile == @hubRoundSmall}","items":[{"type":"Text","text":"${mensaje.titulo}","fontSize":"40dp","paddingTop":"10dp","textAlign":"center","color":"#000000"},{"type":"Image","source":"https://cc-prod.scene7.com/is/image/CCProdAuthor/3_AdobeStock_310120452?$png$&jpegSize=200&wid=720","align":"center","alignSelf":"center","paddingLeft":"25dp","width":252,"height":250}]},{"type":"Container","direction":"row","height":"60vh","paddingTop":"20dp","when":"${@viewportProfile == @hubLandscapeSmall}","items":[{"type":"Text","text":"${mensaje.msj}","fontSize":"30dp","textAlign":"center","paddingLeft":"90dp","color":"#000000","width":"45%","fontFamily":"montserrat","height":"100%","textAlignVertical":"center"},{"type":"Image","source":"https://cc-prod.scene7.com/is/image/CCProdAuthor/3_AdobeStock_310120452?$png$&jpegSize=200&wid=720","align":"center","alignSelf":"center","paddingLeft":"90dp","width":380,"height":300}]},{"type":"Container","direction":"row","paddingTop":"10dp","when":"${@viewportProfile == @hubLandscapeMedium}","items":[{"type":"Text","text":"${mensaje.msj}","fontSize":"41dp","textAlign":"start","paddingLeft":"57dp","color":"#000000","height":"100%","width":"45%","fontFamily":"montserrat","textAlignVertical":"center"},{"type":"Image","source":"https://cc-prod.scene7.com/is/image/CCProdAuthor/3_AdobeStock_310120452?$png$&jpegSize=200&wid=720","align":"center","alignSelf":"center","width":400,"height":300}]},{"type":"Container","direction":"column","paddingTop":"100dp","when":"${@viewportProfile == @hubPortraitMedium}","items":[{"type":"Text","text":"${mensaje.msj}","fontSize":"82dp","textAlign":"center","color":"#000000","height":"30%","width":"100%","fontFamily":"montserrat","textAlignVertical":"center"},{"type":"Image","source":"https://cc-prod.scene7.com/is/image/CCProdAuthor/3_AdobeStock_310120452?$png$&jpegSize=200&wid=720","align":"center","alignSelf":"center","width":900,"height":600}]},{"type":"Container","direction":"row","height":"60vh","when":"${@viewportProfile == @hubLandscapeLarge}","paddingTop":"50dp","items":[{"type":"Text","when":"${@viewportProfile == @hubLandscapeLarge}","text":"${mensaje.msj}","fontSize":"48dp","textAlign":"start","paddingLeft":"80dp","color":"#000000","height":"90%","width":"45%","fontFamily":"montserrat","textAlignVertical":"center"},{"type":"Image","source":"https://cc-prod.scene7.com/is/image/CCProdAuthor/3_AdobeStock_310120452?$png$&jpegSize=200&wid=720","width":500,"height":450,"align":"center","alignSelf":"center"}]},{"type":"Container","direction":"row","paddingTop":"50dp","when":"${@viewportProfile == @hubLandscapeXLarge}","items":[{"type":"Text","text":"${mensaje.msj}","fontSize":"64dp","textAlign":"center","paddingLeft":"90dp","color":"#000000","height":"100%","width":"45%","fontFamily":"montserrat","textAlignVertical":"center"},{"type":"Image","source":"https://cc-prod.scene7.com/is/image/CCProdAuthor/3_AdobeStock_310120452?$png$&jpegSize=200&wid=720","align":"center","alignSelf":"center","width":600,"height":600}]},{"type":"Frame","when":"${@viewportProfile != @hubRoundSmall}","backgroundColor":"lightcoral","height":"20vh","opacity":0.9,"item":[{"type":"Container","width":"100%","item":[{"type":"Text","text":"${mensaje.footer}","textAlign":"center","fontSize":"35dp","padding":"10px"}]}]},{"type":"Frame","backgroundColor":"lightcoral","when":"${@viewportProfile == @hubRoundSmall}","height":"20vh","opacity":0.9,"item":[{"type":"Container","width":"80%","paddingLeft":"100","item":[{"type":"Text","text":"${mensaje.footer}","textAlign":"center","fontSize":"18dp","padding":"5px"}]}]}]}]}]}}