{
  "manifest": {
    "publishingInformation": {
      "locales": {
        "en-US": {
          "summary": "Curiosities of flowers that show their meaning and what species",
          "examplePhrases": [
            "Alexa open flower curiosities",
            "Alexa hello",
            "help"
          ],
          "keywords": [
            "flores",
            "flor",
            "especie",
            "significado",
            "favorita",
            "curiosidad"
          ],
          "name": "Curiosidades de Flores",
          "description": "Curiosities of the flowers that show their meaning and which species to keep which flower is the user\u0027s favorite",
          "smallIconUri": "file://assets/images/en-US_smallIconUri.png",
          "updatesDescription": "information on what species the flower belongs to",
          "largeIconUri": "file://assets/images/en-US_largeIconUri.png"
        },
        "es-MX": {
          "summary": "Curisidades de las flores que muestra su significado y que especie",
          "examplePhrases": [
            "Alexa abre curiosidades de flores",
            "Alexa hola",
            "ayuda"
          ],
          "keywords": [
            "flores",
            "flor",
            "especie",
            "significado",
            "favorita",
            "curiosidad"
          ],
          "name": "Curiosidades de Flores",
          "description": "Curisidades de las flores que muestra su significado y que especie al guarda que flor el la favorita del usuario",
          "smallIconUri": "file://assets/images/es-MX_smallIconUri.png",
          "updatesDescription": "Curisidades de las flores que muestra su significado y que especie al guarda que flor el la favorita del usuario",
          "largeIconUri": "file://assets/images/es-MX_largeIconUri.png"
        }
      },
      "automaticDistribution": {
        "sourceLocaleForLanguages": [],
        "isActive": false
      },
      "isAvailableWorldwide": false,
      "testingInstructions": "{\"ask_dist_username\":\"\",\"ask_dist_password\":\"\",\"ask_dist_testing_instructions\":\"informacion de las flores \"}",
      "category": "SCHOOLS",
      "distributionMode": "PUBLIC",
      "distributionCountries": [
        "MX"
      ]
    },
    "apis": {
      "custom": {
        "endpoint": {
          "uri": "arn:aws:lambda:us-east-1:866629707238:function:6ce13d09-769e-4968-aef6-98a2b42ecb68:Release_0"
        },
        "interfaces": [
          {
            "supportedViewports": [
              {
                "minHeight": 540,
                "mode": "TV",
                "shape": "RECTANGLE",
                "maxHeight": 540,
                "minWidth": 960,
                "maxWidth": 960
              },
              {
                "minHeight": 100,
                "mode": "HUB",
                "shape": "ROUND",
                "maxHeight": 599,
                "minWidth": 100,
                "maxWidth": 599
              },
              {
                "minHeight": 600,
                "mode": "HUB",
                "shape": "RECTANGLE",
                "maxHeight": 959,
                "minWidth": 960,
                "maxWidth": 1279
              },
              {
                "minHeight": 600,
                "mode": "HUB",
                "shape": "RECTANGLE",
                "maxHeight": 1279,
                "minWidth": 1280,
                "maxWidth": 1920
              },
              {
                "minHeight": 100,
                "mode": "HUB",
                "shape": "RECTANGLE",
                "maxHeight": 599,
                "minWidth": 960,
                "maxWidth": 1279
              },
              {
                "minHeight": 960,
                "mode": "HUB",
                "shape": "RECTANGLE",
                "maxHeight": 1279,
                "minWidth": 1920,
                "maxWidth": 2560
              },
              {
                "minHeight": 1920,
                "mode": "HUB",
                "shape": "RECTANGLE",
                "maxHeight": 2560,
                "minWidth": 960,
                "maxWidth": 1279
              },
              {
                "minHeight": 320,
                "mode": "MOBILE",
                "shape": "RECTANGLE",
                "maxHeight": 1920,
                "minWidth": 600,
                "maxWidth": 959
              },
              {
                "minHeight": 320,
                "mode": "MOBILE",
                "shape": "RECTANGLE",
                "maxHeight": 1920,
                "minWidth": 960,
                "maxWidth": 1279
              },
              {
                "minHeight": 320,
                "mode": "MOBILE",
                "shape": "RECTANGLE",
                "maxHeight": 1920,
                "minWidth": 1280,
                "maxWidth": 1920
              }
            ],
            "type": "ALEXA_PRESENTATION_APL"
          }
        ],
        "locales": {},
        "regions": {
          "EU": {
            "endpoint": {
              "uri": "arn:aws:lambda:eu-west-1:866629707238:function:6ce13d09-769e-4968-aef6-98a2b42ecb68:Release_0"
            }
          },
          "NA": {
            "endpoint": {
              "uri": "arn:aws:lambda:us-east-1:866629707238:function:6ce13d09-769e-4968-aef6-98a2b42ecb68:Release_0"
            }
          },
          "FE": {
            "endpoint": {
              "uri": "arn:aws:lambda:us-west-2:866629707238:function:6ce13d09-769e-4968-aef6-98a2b42ecb68:Release_0"
            }
          }
        }
      }
    },
    "manifestVersion": "1.0",
    "privacyAndCompliance": {
      "allowsPurchases": false,
      "locales": {
        "en-US": {
          "termsOfUseUrl": "https://drive.google.com/file/d/1IJ7nf783s01_qre9qNsPyF_p7VydHFYX/view?usp\u003dsharing",
          "privacyPolicyUrl": "https://drive.google.com/file/d/1XBMsFDCMXb0lTy4FKs9VvLlsDnU5E-J8/view?usp\u003dsharing"
        },
        "es-MX": {
          "termsOfUseUrl": "https://drive.google.com/file/d/1IJ7nf783s01_qre9qNsPyF_p7VydHFYX/view?usp\u003dsharing",
          "privacyPolicyUrl": "https://drive.google.com/file/d/1XBMsFDCMXb0lTy4FKs9VvLlsDnU5E-J8/view?usp\u003dsharing"
        }
      },
      "containsAds": false,
      "isExportCompliant": true,
      "isChildDirected": false,
      "shoppingKit": {
        "isShoppingActionsEnabled": false,
        "isAmazonAssociatesOnAlexaEnabled": false
      },
      "usesPersonalInfo": false
    }
  }
}